Region,Year,Value,Crop
ACEH,2011,1772962,Padi
SUMATERA UTARA,2011,3607403,Padi
SUMATERA BARAT,2011,2279602,Padi
RIAU,2011,535788,Padi
JAMBI,2011,646641,Padi
SUMATERA SELATAN,2011,3384670,Padi
BENGKULU,2011,502552,Padi
LAMPUNG,2011,2940795,Padi
KEP. BANGKA BELITUNG,2011,15211,Padi
KEP. RIAU,2011,1223,Padi
DKI JAKARTA,2011,9516,Padi
JAWA BARAT,2011,11633891,Padi
JAWA TENGAH,2011,9391959,Padi
DI YOGYAKARTA,2011,842934,Padi
JAWA TIMUR,2011,10576543,Padi
BANTEN,2011,1949714,Padi
BALI,2011,858316,Padi
NUSA TENGGARA BARAT,2011,2067137,Padi
NUSA TENGGARA TIMUR,2011,591371,Padi
KALIMANTAN BARAT,2011,1372988,Padi
KALIMANTAN TENGAH,2011,610236,Padi
KALIMANTAN SELATAN,2011,2038309,Padi
KALIMANTAN TIMUR,2011,552616,Padi
KALIMANTAN UTARA,2011,0,Padi
SULAWESI UTARA,2011,596223,Padi
SULAWESI TENGAH,2011,1041789,Padi
SULAWESI SELATAN,2011,4511705,Padi
SULAWESI TENGGARA,2011,491567,Padi
GORONTALO,2011,273921,Padi
SULAWESI BARAT,2011,365683,Padi
MALUKU,2011,87468,Padi
MALUKU UTARA,2011,61430,Padi
PAPUA BARAT,2011,29304,Padi
PAPUA BARAT DAYA,2011,0,Padi
PAPUA,2011,115437,Padi
PAPUA SELATAN,2011,0,Padi
PAPUA TENGAH,2011,0,Padi
PAPUA PEGUNUNGAN,2011,0,Padi
TOTAL,2011,65756904,Padi
ACEH,2012,1788738,Padi
SUMATERA UTARA,2012,3715514,Padi
SUMATERA BARAT,2012,2368390,Padi
RIAU,2012,512152,Padi
JAMBI,2012,625164,Padi
SUMATERA SELATAN,2012,3295247,Padi
BENGKULU,2012,581910,Padi
LAMPUNG,2012,3101455,Padi
KEP. BANGKA BELITUNG,2012,22395,Padi
KEP. RIAU,2012,1323,Padi
DKI JAKARTA,2012,11044,Padi
JAWA BARAT,2012,11271861,Padi
JAWA TENGAH,2012,10232934,Padi
DI YOGYAKARTA,2012,946224,Padi
JAWA TIMUR,2012,12198707,Padi
BANTEN,2012,1865893,Padi
BALI,2012,865553,Padi
NUSA TENGGARA BARAT,2012,2114231,Padi
NUSA TENGGARA TIMUR,2012,698566,Padi
KALIMANTAN BARAT,2012,1300100,Padi
KALIMANTAN TENGAH,2012,755507,Padi
KALIMANTAN SELATAN,2012,2086221,Padi
KALIMANTAN TIMUR,2012,561959,Padi
KALIMANTAN UTARA,2012,0,Padi
SULAWESI UTARA,2012,615062,Padi
SULAWESI TENGAH,2012,1024316,Padi
SULAWESI SELATAN,2012,5003011,Padi
SULAWESI TENGGARA,2012,516291,Padi
GORONTALO,2012,245786,Padi
SULAWESI BARAT,2012,412338,Padi
MALUKU,2012,84271,Padi
MALUKU UTARA,2012,65686,Padi
PAPUA BARAT,2012,30245,Padi
PAPUA BARAT DAYA,2012,0,Padi
PAPUA,2012,138032,Padi
PAPUA SELATAN,2012,0,Padi
PAPUA TENGAH,2012,0,Padi
PAPUA PEGUNUNGAN,2012,0,Padi
TOTAL,2012,69056126,Padi
ACEH,2013,1956940,Padi
SUMATERA UTARA,2013,3727249,Padi
SUMATERA BARAT,2013,2430384,Padi
RIAU,2013,434144,Padi
JAMBI,2013,664535,Padi
SUMATERA SELATAN,2013,3676723,Padi
BENGKULU,2013,622832,Padi
LAMPUNG,2013,3207002,Padi
KEP. BANGKA BELITUNG,2013,28480,Padi
KEP. RIAU,2013,1370,Padi
DKI JAKARTA,2013,10268,Padi
JAWA BARAT,2013,12083162,Padi
JAWA TENGAH,2013,10344816,Padi
DI YOGYAKARTA,2013,921824,Padi
JAWA TIMUR,2013,12049342,Padi
BANTEN,2013,2083608,Padi
BALI,2013,882092,Padi
NUSA TENGGARA BARAT,2013,2193698,Padi
NUSA TENGGARA TIMUR,2013,729666,Padi
KALIMANTAN BARAT,2013,1441876,Padi
KALIMANTAN TENGAH,2013,812652,Padi
KALIMANTAN SELATAN,2013,2031029,Padi
KALIMANTAN TIMUR,2013,439439,Padi
KALIMANTAN UTARA,2013,124724,Padi
SULAWESI UTARA,2013,638373,Padi
SULAWESI TENGAH,2013,1031364,Padi
SULAWESI SELATAN,2013,5035830,Padi
SULAWESI TENGGARA,2013,561361,Padi
GORONTALO,2013,295913,Padi
SULAWESI BARAT,2013,445030,Padi
MALUKU,2013,101835,Padi
MALUKU UTARA,2013,72445,Padi
PAPUA BARAT,2013,29912,Padi
PAPUA BARAT DAYA,2013,0,Padi
PAPUA,2013,169791,Padi
PAPUA SELATAN,2013,0,Padi
PAPUA TENGAH,2013,0,Padi
PAPUA PEGUNUNGAN,2013,0,Padi
TOTAL,2013,71279709,Padi
ACEH,2014,1820062,Padi
SUMATERA UTARA,2014,3631039,Padi
SUMATERA BARAT,2014,2519020,Padi
RIAU,2014,385475,Padi
JAMBI,2014,664720,Padi
SUMATERA SELATAN,2014,3670435,Padi
BENGKULU,2014,593194,Padi
LAMPUNG,2014,3320064,Padi
KEP. BANGKA BELITUNG,2014,23481,Padi
KEP. RIAU,2014,1403,Padi
DKI JAKARTA,2014,7541,Padi
JAWA BARAT,2014,11644899,Padi
JAWA TENGAH,2014,9648104,Padi
DI YOGYAKARTA,2014,919573,Padi
JAWA TIMUR,2014,12397049,Padi
BANTEN,2014,2045883,Padi
BALI,2014,857944,Padi
NUSA TENGGARA BARAT,2014,2116637,Padi
NUSA TENGGARA TIMUR,2014,825728,Padi
KALIMANTAN BARAT,2014,1372695,Padi
KALIMANTAN TENGAH,2014,838207,Padi
KALIMANTAN SELATAN,2014,2094590,Padi
KALIMANTAN TIMUR,2014,426567,Padi
KALIMANTAN UTARA,2014,115620,Padi
SULAWESI UTARA,2014,637927,Padi
SULAWESI TENGAH,2014,1022054,Padi
SULAWESI SELATAN,2014,5426097,Padi
SULAWESI TENGGARA,2014,657617,Padi
GORONTALO,2014,314704,Padi
SULAWESI BARAT,2014,449621,Padi
MALUKU,2014,102761,Padi
MALUKU UTARA,2014,72074,Padi
PAPUA BARAT,2014,27665,Padi
PAPUA BARAT DAYA,2014,0,Padi
PAPUA,2014,196015,Padi
PAPUA SELATAN,2014,0,Padi
PAPUA TENGAH,2014,0,Padi
PAPUA PEGUNUNGAN,2014,0,Padi
TOTAL,2014,70846465,Padi
ACEH,2015,2331046,Padi
SUMATERA UTARA,2015,4044829,Padi
SUMATERA BARAT,2015,2550609,Padi
RIAU,2015,393917,Padi
JAMBI,2015,541486,Padi
SUMATERA SELATAN,2015,4247922,Padi
BENGKULU,2015,578654,Padi
LAMPUNG,2015,3641895,Padi
KEP. BANGKA BELITUNG,2015,27068,Padi
KEP. RIAU,2015,959,Padi
DKI JAKARTA,2015,6361,Padi
JAWA BARAT,2015,11373144,Padi
JAWA TENGAH,2015,11301422,Padi
DI YOGYAKARTA,2015,945136,Padi
JAWA TIMUR,2015,13154967,Padi
BANTEN,2015,2188996,Padi
BALI,2015,853710,Padi
NUSA TENGGARA BARAT,2015,2417392,Padi
NUSA TENGGARA TIMUR,2015,948088,Padi
KALIMANTAN BARAT,2015,1275707,Padi
KALIMANTAN TENGAH,2015,893202,Padi
KALIMANTAN SELATAN,2015,2140276,Padi
KALIMANTAN TIMUR,2015,408782,Padi
KALIMANTAN UTARA,2015,112102,Padi
SULAWESI UTARA,2015,674169,Padi
SULAWESI TENGAH,2015,1015368,Padi
SULAWESI SELATAN,2015,5471806,Padi
SULAWESI TENGGARA,2015,660720,Padi
GORONTALO,2015,331220,Padi
SULAWESI BARAT,2015,461844,Padi
MALUKU,2015,117791,Padi
MALUKU UTARA,2015,75265,Padi
PAPUA BARAT,2015,30219,Padi
PAPUA BARAT DAYA,2015,0,Padi
PAPUA,2015,181769,Padi
PAPUA SELATAN,2015,0,Padi
PAPUA TENGAH,2015,0,Padi
PAPUA PEGUNUNGAN,2015,0,Padi
TOTAL,2015,75397841,Padi
ACEH,2011,168861,Jagung
SUMATERA UTARA,2011,1294645,Jagung
SUMATERA BARAT,2011,471849,Jagung
RIAU,2011,33197,Jagung
JAMBI,2011,25521,Jagung
SUMATERA SELATAN,2011,125688,Jagung
BENGKULU,2011,87362,Jagung
LAMPUNG,2011,1817906,Jagung
KEP. BANGKA BELITUNG,2011,850,Jagung
KEP. RIAU,2011,923,Jagung
DKI JAKARTA,2011,23,Jagung
JAWA BARAT,2011,945104,Jagung
JAWA TENGAH,2011,2772575,Jagung
DI YOGYAKARTA,2011,291596,Jagung
JAWA TIMUR,2011,5443705,Jagung
BANTEN,2011,13863,Jagung
BALI,2011,64606,Jagung
NUSA TENGGARA BARAT,2011,456915,Jagung
NUSA TENGGARA TIMUR,2011,524638,Jagung
KALIMANTAN BARAT,2011,160819,Jagung
KALIMANTAN TENGAH,2011,9208,Jagung
KALIMANTAN SELATAN,2011,99779,Jagung
KALIMANTAN TIMUR,2011,7341,Jagung
KALIMANTAN UTARA,2011,0,Jagung
SULAWESI UTARA,2011,438504,Jagung
SULAWESI TENGAH,2011,161810,Jagung
SULAWESI SELATAN,2011,1420154,Jagung
SULAWESI TENGGARA,2011,67997,Jagung
GORONTALO,2011,605782,Jagung
SULAWESI BARAT,2011,82995,Jagung
MALUKU,2011,13875,Jagung
MALUKU UTARA,2011,26149,Jagung
PAPUA BARAT,2011,2125,Jagung
PAPUA BARAT DAYA,2011,0,Jagung
PAPUA,2011,6885,Jagung
PAPUA SELATAN,2011,0,Jagung
PAPUA TENGAH,2011,0,Jagung
PAPUA PEGUNUNGAN,2011,0,Jagung
TOTAL,2011,17643250,Jagung
ACEH,2012,167285,Jagung
SUMATERA UTARA,2012,1347124,Jagung
SUMATERA BARAT,2012,495497,Jagung
RIAU,2012,31433,Jagung
JAMBI,2012,25571,Jagung
SUMATERA SELATAN,2012,112917,Jagung
BENGKULU,2012,103771,Jagung
LAMPUNG,2012,1760275,Jagung
KEP. BANGKA BELITUNG,2012,967,Jagung
KEP. RIAU,2012,849,Jagung
DKI JAKARTA,2012,6,Jagung
JAWA BARAT,2012,1028653,Jagung
JAWA TENGAH,2012,3041630,Jagung
DI YOGYAKARTA,2012,336608,Jagung
JAWA TIMUR,2012,6295301,Jagung
BANTEN,2012,9819,Jagung
BALI,2012,61873,Jagung
NUSA TENGGARA BARAT,2012,642674,Jagung
NUSA TENGGARA TIMUR,2012,629386,Jagung
KALIMANTAN BARAT,2012,170123,Jagung
KALIMANTAN TENGAH,2012,7947,Jagung
KALIMANTAN SELATAN,2012,112066,Jagung
KALIMANTAN TIMUR,2012,9940,Jagung
KALIMANTAN UTARA,2012,0,Jagung
SULAWESI UTARA,2012,440308,Jagung
SULAWESI TENGAH,2012,141649,Jagung
SULAWESI SELATAN,2012,1515329,Jagung
SULAWESI TENGGARA,2012,78447,Jagung
GORONTALO,2012,644754,Jagung
SULAWESI BARAT,2012,122554,Jagung
MALUKU,2012,18281,Jagung
MALUKU UTARA,2012,25543,Jagung
PAPUA BARAT,2012,2049,Jagung
PAPUA BARAT DAYA,2012,0,Jagung
PAPUA,2012,6393,Jagung
PAPUA SELATAN,2012,0,Jagung
PAPUA TENGAH,2012,0,Jagung
PAPUA PEGUNUNGAN,2012,0,Jagung
TOTAL,2012,19387022,Jagung
ACEH,2013,177842,Jagung
SUMATERA UTARA,2013,1183011,Jagung
SUMATERA BARAT,2013,547417,Jagung
RIAU,2013,28052,Jagung
JAMBI,2013,25690,Jagung
SUMATERA SELATAN,2013,167457,Jagung
BENGKULU,2013,93988,Jagung
LAMPUNG,2013,1760278,Jagung
KEP. BANGKA BELITUNG,2013,783,Jagung
KEP. RIAU,2013,790,Jagung
DKI JAKARTA,2013,0,Jagung
JAWA BARAT,2013,1101998,Jagung
JAWA TENGAH,2013,2930911,Jagung
DI YOGYAKARTA,2013,289580,Jagung
JAWA TIMUR,2013,5760959,Jagung
BANTEN,2013,12038,Jagung
BALI,2013,57573,Jagung
NUSA TENGGARA BARAT,2013,633773,Jagung
NUSA TENGGARA TIMUR,2013,707642,Jagung
KALIMANTAN BARAT,2013,159973,Jagung
KALIMANTAN TENGAH,2013,6217,Jagung
KALIMANTAN SELATAN,2013,107043,Jagung
KALIMANTAN TIMUR,2013,4864,Jagung
KALIMANTAN UTARA,2013,973,Jagung
SULAWESI UTARA,2013,448002,Jagung
SULAWESI TENGAH,2013,139266,Jagung
SULAWESI SELATAN,2013,1250202,Jagung
SULAWESI TENGGARA,2013,67578,Jagung
GORONTALO,2013,669094,Jagung
SULAWESI BARAT,2013,128327,Jagung
MALUKU,2013,11940,Jagung
MALUKU UTARA,2013,29421,Jagung
PAPUA BARAT,2013,2137,Jagung
PAPUA BARAT DAYA,2013,0,Jagung
PAPUA,2013,7034,Jagung
PAPUA SELATAN,2013,0,Jagung
PAPUA TENGAH,2013,0,Jagung
PAPUA PEGUNUNGAN,2013,0,Jagung
TOTAL,2013,18511853,Jagung
ACEH,2014,202318,Jagung
SUMATERA UTARA,2014,1159795,Jagung
SUMATERA BARAT,2014,605352,Jagung
RIAU,2014,28651,Jagung
JAMBI,2014,43617,Jagung
SUMATERA SELATAN,2014,191974,Jagung
BENGKULU,2014,72756,Jagung
LAMPUNG,2014,1719386,Jagung
KEP. BANGKA BELITUNG,2014,721,Jagung
KEP. RIAU,2014,703,Jagung
DKI JAKARTA,2014,0,Jagung
JAWA BARAT,2014,1047077,Jagung
JAWA TENGAH,2014,3051516,Jagung
DI YOGYAKARTA,2014,312236,Jagung
JAWA TIMUR,2014,5737382,Jagung
BANTEN,2014,10514,Jagung
BALI,2014,40613,Jagung
NUSA TENGGARA BARAT,2014,785864,Jagung
NUSA TENGGARA TIMUR,2014,647108,Jagung
KALIMANTAN BARAT,2014,135461,Jagung
KALIMANTAN TENGAH,2014,8138,Jagung
KALIMANTAN SELATAN,2014,117986,Jagung
KALIMANTAN TIMUR,2014,7567,Jagung
KALIMANTAN UTARA,2014,1235,Jagung
SULAWESI UTARA,2014,488362,Jagung
SULAWESI TENGAH,2014,170203,Jagung
SULAWESI SELATAN,2014,1490991,Jagung
SULAWESI TENGGARA,2014,60600,Jagung
GORONTALO,2014,719780,Jagung
SULAWESI BARAT,2014,110665,Jagung
MALUKU,2014,10568,Jagung
MALUKU UTARA,2014,19555,Jagung
PAPUA BARAT,2014,2450,Jagung
PAPUA BARAT DAYA,2014,0,Jagung
PAPUA,2014,7282,Jagung
PAPUA SELATAN,2014,0,Jagung
PAPUA TENGAH,2014,0,Jagung
PAPUA PEGUNUNGAN,2014,0,Jagung
TOTAL,2014,19008426,Jagung
ACEH,2011,39384,Ubi Kayu
SUMATERA UTARA,2011,1091711,Ubi Kayu
SUMATERA BARAT,2011,191946,Ubi Kayu
RIAU,2011,79480,Ubi Kayu
JAMBI,2011,40462,Ubi Kayu
SUMATERA SELATAN,2011,159346,Ubi Kayu
BENGKULU,2011,47735,Ubi Kayu
LAMPUNG,2011,9193676,Ubi Kayu
KEP. BANGKA BELITUNG,2011,13276,Ubi Kayu
KEP. RIAU,2011,7805,Ubi Kayu
DKI JAKARTA,2011,176,Ubi Kayu
JAWA BARAT,2011,2058785,Ubi Kayu
JAWA TENGAH,2011,3501458,Ubi Kayu
DI YOGYAKARTA,2011,867596,Ubi Kayu
JAWA TIMUR,2011,4032081,Ubi Kayu
BANTEN,2011,107052,Ubi Kayu
BALI,2011,166291,Ubi Kayu
NUSA TENGGARA BARAT,2011,75367,Ubi Kayu
NUSA TENGGARA TIMUR,2011,962128,Ubi Kayu
KALIMANTAN BARAT,2011,141550,Ubi Kayu
KALIMANTAN TENGAH,2011,49475,Ubi Kayu
KALIMANTAN SELATAN,2011,86504,Ubi Kayu
KALIMANTAN TIMUR,2011,91858,Ubi Kayu
KALIMANTAN UTARA,2011,0,Ubi Kayu
SULAWESI UTARA,2011,70147,Ubi Kayu
SULAWESI TENGAH,2011,83139,Ubi Kayu
SULAWESI SELATAN,2011,370125,Ubi Kayu
SULAWESI TENGGARA,2011,164850,Ubi Kayu
GORONTALO,2011,5910,Ubi Kayu
SULAWESI BARAT,2011,47670,Ubi Kayu
MALUKU,2011,125763,Ubi Kayu
MALUKU UTARA,2011,115940,Ubi Kayu
PAPUA BARAT,2011,20440,Ubi Kayu
PAPUA BARAT DAYA,2011,0,Ubi Kayu
PAPUA,2011,34899,Ubi Kayu
PAPUA SELATAN,2011,0,Ubi Kayu
PAPUA TENGAH,2011,0,Ubi Kayu
PAPUA PEGUNUNGAN,2011,0,Ubi Kayu
TOTAL,2011,24044025,Ubi Kayu
ACEH,2012,38257,Ubi Kayu
SUMATERA UTARA,2012,1171520,Ubi Kayu
SUMATERA BARAT,2012,213647,Ubi Kayu
RIAU,2012,88577,Ubi Kayu
JAMBI,2012,38978,Ubi Kayu
SUMATERA SELATAN,2012,143565,Ubi Kayu
BENGKULU,2012,57618,Ubi Kayu
LAMPUNG,2012,8387351,Ubi Kayu
KEP. BANGKA BELITUNG,2012,13469,Ubi Kayu
KEP. RIAU,2012,7666,Ubi Kayu
DKI JAKARTA,2012,47,Ubi Kayu
JAWA BARAT,2012,2131123,Ubi Kayu
JAWA TENGAH,2012,3848462,Ubi Kayu
DI YOGYAKARTA,2012,866357,Ubi Kayu
JAWA TIMUR,2012,4246028,Ubi Kayu
BANTEN,2012,82796,Ubi Kayu
BALI,2012,147201,Ubi Kayu
NUSA TENGGARA BARAT,2012,79472,Ubi Kayu
NUSA TENGGARA TIMUR,2012,892145,Ubi Kayu
KALIMANTAN BARAT,2012,153564,Ubi Kayu
KALIMANTAN TENGAH,2012,46630,Ubi Kayu
KALIMANTAN SELATAN,2012,90043,Ubi Kayu
KALIMANTAN TIMUR,2012,82786,Ubi Kayu
KALIMANTAN UTARA,2012,0,Ubi Kayu
SULAWESI UTARA,2012,63187,Ubi Kayu
SULAWESI TENGAH,2012,93642,Ubi Kayu
SULAWESI SELATAN,2012,682995,Ubi Kayu
SULAWESI TENGGARA,2012,175719,Ubi Kayu
GORONTALO,2012,3776,Ubi Kayu
SULAWESI BARAT,2012,48265,Ubi Kayu
MALUKU,2012,119545,Ubi Kayu
MALUKU UTARA,2012,116515,Ubi Kayu
PAPUA BARAT,2012,9747,Ubi Kayu
PAPUA BARAT DAYA,2012,0,Ubi Kayu
PAPUA,2012,36679,Ubi Kayu
PAPUA SELATAN,2012,0,Ubi Kayu
PAPUA TENGAH,2012,0,Ubi Kayu
PAPUA PEGUNUNGAN,2012,0,Ubi Kayu
TOTAL,2012,24177372,Ubi Kayu
ACEH,2013,34738,Ubi Kayu
SUMATERA UTARA,2013,1518221,Ubi Kayu
SUMATERA BARAT,2013,218830,Ubi Kayu
RIAU,2013,103070,Ubi Kayu
JAMBI,2013,33291,Ubi Kayu
SUMATERA SELATAN,2013,165250,Ubi Kayu
BENGKULU,2013,62193,Ubi Kayu
LAMPUNG,2013,8329201,Ubi Kayu
KEP. BANGKA BELITUNG,2013,14203,Ubi Kayu
KEP. RIAU,2013,8530,Ubi Kayu
DKI JAKARTA,2013,0,Ubi Kayu
JAWA BARAT,2013,2138532,Ubi Kayu
JAWA TENGAH,2013,4089635,Ubi Kayu
DI YOGYAKARTA,2013,1013565,Ubi Kayu
JAWA TIMUR,2013,3601074,Ubi Kayu
BANTEN,2013,97847,Ubi Kayu
BALI,2013,156953,Ubi Kayu
NUSA TENGGARA BARAT,2013,59085,Ubi Kayu
NUSA TENGGARA TIMUR,2013,811166,Ubi Kayu
KALIMANTAN BARAT,2013,168521,Ubi Kayu
KALIMANTAN TENGAH,2013,40762,Ubi Kayu
KALIMANTAN SELATAN,2013,87323,Ubi Kayu
KALIMANTAN TIMUR,2013,55519,Ubi Kayu
KALIMANTAN UTARA,2013,32935,Ubi Kayu
SULAWESI UTARA,2013,55207,Ubi Kayu
SULAWESI TENGAH,2013,100950,Ubi Kayu
SULAWESI SELATAN,2013,433399,Ubi Kayu
SULAWESI TENGGARA,2013,180680,Ubi Kayu
GORONTALO,2013,4537,Ubi Kayu
SULAWESI BARAT,2013,52972,Ubi Kayu
MALUKU,2013,97813,Ubi Kayu
MALUKU UTARA,2013,119799,Ubi Kayu
PAPUA BARAT,2013,12219,Ubi Kayu
PAPUA BARAT DAYA,2013,0,Ubi Kayu
PAPUA,2013,38901,Ubi Kayu
PAPUA SELATAN,2013,0,Ubi Kayu
PAPUA TENGAH,2013,0,Ubi Kayu
PAPUA PEGUNUNGAN,2013,0,Ubi Kayu
TOTAL,2013,23936921,Ubi Kayu
ACEH,2014,31621,Ubi Kayu
SUMATERA UTARA,2014,1383346,Ubi Kayu
SUMATERA BARAT,2014,217962,Ubi Kayu
RIAU,2014,117287,Ubi Kayu
JAMBI,2014,35550,Ubi Kayu
SUMATERA SELATAN,2014,220014,Ubi Kayu
BENGKULU,2014,78853,Ubi Kayu
LAMPUNG,2014,8034016,Ubi Kayu
KEP. BANGKA BELITUNG,2014,19759,Ubi Kayu
KEP. RIAU,2014,8979,Ubi Kayu
DKI JAKARTA,2014,0,Ubi Kayu
JAWA BARAT,2014,2250024,Ubi Kayu
JAWA TENGAH,2014,3977810,Ubi Kayu
DI YOGYAKARTA,2014,884931,Ubi Kayu
JAWA TIMUR,2014,3635454,Ubi Kayu
BANTEN,2014,85943,Ubi Kayu
BALI,2014,131887,Ubi Kayu
NUSA TENGGARA BARAT,2014,92643,Ubi Kayu
NUSA TENGGARA TIMUR,2014,677577,Ubi Kayu
KALIMANTAN BARAT,2014,192967,Ubi Kayu
KALIMANTAN TENGAH,2014,43342,Ubi Kayu
KALIMANTAN SELATAN,2014,92272,Ubi Kayu
KALIMANTAN TIMUR,2014,60941,Ubi Kayu
KALIMANTAN UTARA,2014,41947,Ubi Kayu
SULAWESI UTARA,2014,46553,Ubi Kayu
SULAWESI TENGAH,2014,84688,Ubi Kayu
SULAWESI SELATAN,2014,478486,Ubi Kayu
SULAWESI TENGGARA,2014,175086,Ubi Kayu
GORONTALO,2014,3987,Ubi Kayu
SULAWESI BARAT,2014,29902,Ubi Kayu
MALUKU,2014,97959,Ubi Kayu
MALUKU UTARA,2014,147917,Ubi Kayu
PAPUA BARAT,2014,11169,Ubi Kayu
PAPUA BARAT DAYA,2014,0,Ubi Kayu
PAPUA,2014,45512,Ubi Kayu
PAPUA SELATAN,2014,0,Ubi Kayu
PAPUA TENGAH,2014,0,Ubi Kayu
PAPUA PEGUNUNGAN,2014,0,Ubi Kayu
TOTAL,2014,23436384,Ubi Kayu
ACEH,2015,29131,Ubi Kayu
SUMATERA UTARA,2015,1619495,Ubi Kayu
SUMATERA BARAT,2015,208386,Ubi Kayu
RIAU,2015,103599,Ubi Kayu
JAMBI,2015,43433,Ubi Kayu
SUMATERA SELATAN,2015,217807,Ubi Kayu
BENGKULU,2015,80309,Ubi Kayu
LAMPUNG,2015,7387084,Ubi Kayu
KEP. BANGKA BELITUNG,2015,35024,Ubi Kayu
KEP. RIAU,2015,9157,Ubi Kayu
DKI JAKARTA,2015,0,Ubi Kayu
JAWA BARAT,2015,2000224,Ubi Kayu
JAWA TENGAH,2015,3571594,Ubi Kayu
DI YOGYAKARTA,2015,873362,Ubi Kayu
JAWA TIMUR,2015,3161573,Ubi Kayu
BANTEN,2015,74163,Ubi Kayu
BALI,2015,86070,Ubi Kayu
NUSA TENGGARA BARAT,2015,107254,Ubi Kayu
NUSA TENGGARA TIMUR,2015,637315,Ubi Kayu
KALIMANTAN BARAT,2015,173449,Ubi Kayu
KALIMANTAN TENGAH,2015,45712,Ubi Kayu
KALIMANTAN SELATAN,2015,71751,Ubi Kayu
KALIMANTAN TIMUR,2015,53966,Ubi Kayu
KALIMANTAN UTARA,2015,38936,Ubi Kayu
SULAWESI UTARA,2015,44123,Ubi Kayu
SULAWESI TENGAH,2015,47295,Ubi Kayu
SULAWESI SELATAN,2015,565958,Ubi Kayu
SULAWESI TENGGARA,2015,175095,Ubi Kayu
GORONTALO,2015,2653,Ubi Kayu
SULAWESI BARAT,2015,24984,Ubi Kayu
MALUKU,2015,134661,Ubi Kayu
MALUKU UTARA,2015,120283,Ubi Kayu
PAPUA BARAT,2015,11181,Ubi Kayu
PAPUA BARAT DAYA,2015,0,Ubi Kayu
PAPUA,2015,46388,Ubi Kayu
PAPUA SELATAN,2015,0,Ubi Kayu
PAPUA TENGAH,2015,0,Ubi Kayu
PAPUA PEGUNUNGAN,2015,0,Ubi Kayu
TOTAL,2015,21801415,Ubi Kayu
ACEH,2011,11844,Ubi Jalar
SUMATERA UTARA,2011,191104,Ubi Jalar
SUMATERA BARAT,2011,98120,Ubi Jalar
RIAU,2011,9912,Ubi Jalar
JAMBI,2011,68735,Ubi Jalar
SUMATERA SELATAN,2011,18309,Ubi Jalar
BENGKULU,2011,26445,Ubi Jalar
LAMPUNG,2011,47239,Ubi Jalar
KEP. BANGKA BELITUNG,2011,3009,Ubi Jalar
KEP. RIAU,2011,1805,Ubi Jalar
DKI JAKARTA,2011,0,Ubi Jalar
JAWA BARAT,2011,429378,Ubi Jalar
JAWA TENGAH,2011,157972,Ubi Jalar
DI YOGYAKARTA,2011,4584,Ubi Jalar
JAWA TIMUR,2011,217545,Ubi Jalar
BANTEN,2011,34589,Ubi Jalar
BALI,2011,69528,Ubi Jalar
NUSA TENGGARA BARAT,2011,11970,Ubi Jalar
NUSA TENGGARA TIMUR,2011,129728,Ubi Jalar
KALIMANTAN BARAT,2011,13774,Ubi Jalar
KALIMANTAN TENGAH,2011,8570,Ubi Jalar
KALIMANTAN SELATAN,2011,23918,Ubi Jalar
KALIMANTAN TIMUR,2011,21432,Ubi Jalar
KALIMANTAN UTARA,2011,0,Ubi Jalar
SULAWESI UTARA,2011,46266,Ubi Jalar
SULAWESI TENGAH,2011,25111,Ubi Jalar
SULAWESI SELATAN,2011,66946,Ubi Jalar
SULAWESI TENGGARA,2011,26476,Ubi Jalar
GORONTALO,2011,2565,Ubi Jalar
SULAWESI BARAT,2011,20455,Ubi Jalar
MALUKU,2011,17913,Ubi Jalar
MALUKU UTARA,2011,31943,Ubi Jalar
PAPUA BARAT,2011,10410,Ubi Jalar
PAPUA BARAT DAYA,2011,0,Ubi Jalar
PAPUA,2011,348438,Ubi Jalar
PAPUA SELATAN,2011,0,Ubi Jalar
PAPUA TENGAH,2011,0,Ubi Jalar
PAPUA PEGUNUNGAN,2011,0,Ubi Jalar
TOTAL,2011,2196033,Ubi Jalar
ACEH,2012,13356,Ubi Jalar
SUMATERA UTARA,2012,186583,Ubi Jalar
SUMATERA BARAT,2012,124881,Ubi Jalar
RIAU,2012,9424,Ubi Jalar
JAMBI,2012,80057,Ubi Jalar
SUMATERA SELATAN,2012,17380,Ubi Jalar
BENGKULU,2012,37271,Ubi Jalar
LAMPUNG,2012,47408,Ubi Jalar
KEP. BANGKA BELITUNG,2012,3303,Ubi Jalar
KEP. RIAU,2012,1916,Ubi Jalar
DKI JAKARTA,2012,0,Ubi Jalar
JAWA BARAT,2012,436577,Ubi Jalar
JAWA TENGAH,2012,166978,Ubi Jalar
DI YOGYAKARTA,2012,5047,Ubi Jalar
JAWA TIMUR,2012,411957,Ubi Jalar
BANTEN,2012,32756,Ubi Jalar
BALI,2012,62352,Ubi Jalar
NUSA TENGGARA BARAT,2012,13232,Ubi Jalar
NUSA TENGGARA TIMUR,2012,151864,Ubi Jalar
KALIMANTAN BARAT,2012,15169,Ubi Jalar
KALIMANTAN TENGAH,2012,9525,Ubi Jalar
KALIMANTAN SELATAN,2012,19608,Ubi Jalar
KALIMANTAN TIMUR,2012,16367,Ubi Jalar
KALIMANTAN UTARA,2012,0,Ubi Jalar
SULAWESI UTARA,2012,41227,Ubi Jalar
SULAWESI TENGAH,2012,26932,Ubi Jalar
SULAWESI SELATAN,2012,94474,Ubi Jalar
SULAWESI TENGGARA,2012,29411,Ubi Jalar
GORONTALO,2012,2002,Ubi Jalar
SULAWESI BARAT,2012,16589,Ubi Jalar
MALUKU,2012,19411,Ubi Jalar
MALUKU UTARA,2012,34661,Ubi Jalar
PAPUA BARAT,2012,10647,Ubi Jalar
PAPUA BARAT DAYA,2012,0,Ubi Jalar
PAPUA,2012,345095,Ubi Jalar
PAPUA SELATAN,2012,0,Ubi Jalar
PAPUA TENGAH,2012,0,Ubi Jalar
PAPUA PEGUNUNGAN,2012,0,Ubi Jalar
TOTAL,2012,2483460,Ubi Jalar
ACEH,2013,11602,Ubi Jalar
SUMATERA UTARA,2013,116671,Ubi Jalar
SUMATERA BARAT,2013,134453,Ubi Jalar
RIAU,2013,8462,Ubi Jalar
JAMBI,2013,68187,Ubi Jalar
SUMATERA SELATAN,2013,15945,Ubi Jalar
BENGKULU,2013,31672,Ubi Jalar
LAMPUNG,2013,45141,Ubi Jalar
KEP. BANGKA BELITUNG,2013,2863,Ubi Jalar
KEP. RIAU,2013,1891,Ubi Jalar
DKI JAKARTA,2013,0,Ubi Jalar
JAWA BARAT,2013,485065,Ubi Jalar
JAWA TENGAH,2013,183694,Ubi Jalar
DI YOGYAKARTA,2013,4951,Ubi Jalar
JAWA TIMUR,2013,393199,Ubi Jalar
BANTEN,2013,27972,Ubi Jalar
BALI,2013,60755,Ubi Jalar
NUSA TENGGARA BARAT,2013,11335,Ubi Jalar
NUSA TENGGARA TIMUR,2013,78944,Ubi Jalar
KALIMANTAN BARAT,2013,15296,Ubi Jalar
KALIMANTAN TENGAH,2013,9201,Ubi Jalar
KALIMANTAN SELATAN,2013,16534,Ubi Jalar
KALIMANTAN TIMUR,2013,12993,Ubi Jalar
KALIMANTAN UTARA,2013,3133,Ubi Jalar
SULAWESI UTARA,2013,39800,Ubi Jalar
SULAWESI TENGAH,2013,21550,Ubi Jalar
SULAWESI SELATAN,2013,70767,Ubi Jalar
SULAWESI TENGGARA,2013,24113,Ubi Jalar
GORONTALO,2013,2007,Ubi Jalar
SULAWESI BARAT,2013,11486,Ubi Jalar
MALUKU,2013,19602,Ubi Jalar
MALUKU UTARA,2013,37024,Ubi Jalar
PAPUA BARAT,2013,14901,Ubi Jalar
PAPUA BARAT DAYA,2013,0,Ubi Jalar
PAPUA,2013,405520,Ubi Jalar
PAPUA SELATAN,2013,0,Ubi Jalar
PAPUA TENGAH,2013,0,Ubi Jalar
PAPUA PEGUNUNGAN,2013,0,Ubi Jalar
TOTAL,2013,2386729,Ubi Jalar
ACEH,2014,9696,Ubi Jalar
SUMATERA UTARA,2014,146622,Ubi Jalar
SUMATERA BARAT,2014,159865,Ubi Jalar
RIAU,2014,8038,Ubi Jalar
JAMBI,2014,78677,Ubi Jalar
SUMATERA SELATAN,2014,24454,Ubi Jalar
BENGKULU,2014,52251,Ubi Jalar
LAMPUNG,2014,42000,Ubi Jalar
KEP. BANGKA BELITUNG,2014,2992,Ubi Jalar
KEP. RIAU,2014,1804,Ubi Jalar
DKI JAKARTA,2014,0,Ubi Jalar
JAWA BARAT,2014,471737,Ubi Jalar
JAWA TENGAH,2014,179393,Ubi Jalar
DI YOGYAKARTA,2014,5237,Ubi Jalar
JAWA TIMUR,2014,312421,Ubi Jalar
BANTEN,2014,28336,Ubi Jalar
BALI,2014,54395,Ubi Jalar
NUSA TENGGARA BARAT,2014,19015,Ubi Jalar
NUSA TENGGARA TIMUR,2014,60032,Ubi Jalar
KALIMANTAN BARAT,2014,15393,Ubi Jalar
KALIMANTAN TENGAH,2014,9048,Ubi Jalar
KALIMANTAN SELATAN,2014,23421,Ubi Jalar
KALIMANTAN TIMUR,2014,13004,Ubi Jalar
KALIMANTAN UTARA,2014,3056,Ubi Jalar
SULAWESI UTARA,2014,39429,Ubi Jalar
SULAWESI TENGAH,2014,20452,Ubi Jalar
SULAWESI SELATAN,2014,78275,Ubi Jalar
SULAWESI TENGGARA,2014,24914,Ubi Jalar
GORONTALO,2014,1904,Ubi Jalar
SULAWESI BARAT,2014,5880,Ubi Jalar
MALUKU,2014,22547,Ubi Jalar
MALUKU UTARA,2014,44651,Ubi Jalar
PAPUA BARAT,2014,11826,Ubi Jalar
PAPUA BARAT DAYA,2014,0,Ubi Jalar
PAPUA,2014,411893,Ubi Jalar
PAPUA SELATAN,2014,0,Ubi Jalar
PAPUA TENGAH,2014,0,Ubi Jalar
PAPUA PEGUNUNGAN,2014,0,Ubi Jalar
TOTAL,2014,2382658,Ubi Jalar
ACEH,2015,8935,Ubi Jalar
SUMATERA UTARA,2015,122362,Ubi Jalar
SUMATERA BARAT,2015,160922,Ubi Jalar
RIAU,2015,6562,Ubi Jalar
JAMBI,2015,79393,Ubi Jalar
SUMATERA SELATAN,2015,16563,Ubi Jalar
BENGKULU,2015,38841,Ubi Jalar
LAMPUNG,2015,28494,Ubi Jalar
KEP. BANGKA BELITUNG,2015,2620,Ubi Jalar
KEP. RIAU,2015,1795,Ubi Jalar
DKI JAKARTA,2015,0,Ubi Jalar
JAWA BARAT,2015,456176,Ubi Jalar
JAWA TENGAH,2015,151312,Ubi Jalar
DI YOGYAKARTA,2015,6070,Ubi Jalar
JAWA TIMUR,2015,350516,Ubi Jalar
BANTEN,2015,20150,Ubi Jalar
BALI,2015,36655,Ubi Jalar
NUSA TENGGARA BARAT,2015,19024,Ubi Jalar
NUSA TENGGARA TIMUR,2015,60746,Ubi Jalar
KALIMANTAN BARAT,2015,14863,Ubi Jalar
KALIMANTAN TENGAH,2015,9640,Ubi Jalar
KALIMANTAN SELATAN,2015,17913,Ubi Jalar
KALIMANTAN TIMUR,2015,10933,Ubi Jalar
KALIMANTAN UTARA,2015,2851,Ubi Jalar
SULAWESI UTARA,2015,25705,Ubi Jalar
SULAWESI TENGAH,2015,16650,Ubi Jalar
SULAWESI SELATAN,2015,71681,Ubi Jalar
SULAWESI TENGGARA,2015,25740,Ubi Jalar
GORONTALO,2015,1434,Ubi Jalar
SULAWESI BARAT,2015,8749,Ubi Jalar
MALUKU,2015,33639,Ubi Jalar
MALUKU UTARA,2015,30674,Ubi Jalar
PAPUA BARAT,2015,13101,Ubi Jalar
PAPUA BARAT DAYA,2015,0,Ubi Jalar
PAPUA,2015,446925,Ubi Jalar
PAPUA SELATAN,2015,0,Ubi Jalar
PAPUA TENGAH,2015,0,Ubi Jalar
PAPUA PEGUNUNGAN,2015,0,Ubi Jalar
TOTAL,2015,2297634,Ubi Jalar
